Table containing the significantly differentially expressed genes. The columns include,,,,,,,,,,,,,
baseMean = the average of the normalized counts taken over all samples,,,,,,,,,,,,,
log2FoldChange = log2 fold change between the groups. E.g. value 2 means that the expression has increased 4-fold,,,,,,,,,,,,,
lfcSE = standard error of the log2FoldChange estimate,,,,,,,,,,,,,
stat = Wald statistic,,,,,,,,,,,,,
pvalue = Wald test p-value,,,,,,,,,,,,,
,,,,,,,,,,,,,
,,,,,,,,,,,,,
"Reference:  M Love, W Huber and S Anders: Moderated estimation of fold change and dispersion for RNA-Seq data with DESeq2. Genome Biol. 2014 15:550",,,,,,,,,,,,,
,,,,,,,,,,,,,
,,,,,,,,,,,,,
,,,,,,,,,,,,,
,baseMean,log2FoldChange,lfcSE,stat,pvalue,padj,Kingdom,Phylum,Class,Order,Family,Genus,Species
TACGGAGGGTGCAAGCGTTAATCGGAATTACTGGGCGTAAAGCGCACGCAGGCGGTCTGTCAAGTCGGATGTGAAATCCCCGGGCTCAACCCGGGAACTGCATTCGAAACTGGCAGGCTAGAGTCTTGTAGAGGGGGGTAGAATTCCAGGTGTAGCGGTGAAATGCGTAGAGATCTGGAGGAATACCGGTGGCGAAGGCGGCCCCCTGGACAAAGACTGACGCTCAGGTGCGAAAGCGTGGGGAGCAAACAGG,111.7382784,10.50499216,0.99206234,10.5890444,3.35E-26,9.18E-24,Bacteria,Proteobacteria,Gammaproteobacteria,Enterobacteriales,Enterobacteriaceae,Tatumella,Tatumella Genus
TACGTATGTCCCGAGCGTTATCCGGATTTATTGGGCGTAAAGCGAGCGCAGACGGTTCGATAAGTCTGAAGTGAAAGCCCACAGCTCAACTGTGGAAGTGCTTTGGAAACTGTCGAACTTGAGTGCAGTAGAGGTAAGTGGAACTCCATGTGTAGCGGTGGAATGCGTAGATATATGGAAGAACACCAGTGGCGAAGGCGGCTTACTGGACTGCAACTGACGTTGAGGCTCGAAAGTGTGGGTAGCAAACAGG,75.95067627,-9.340113375,0.950492159,-9.826607496,8.65E-23,1.18E-20,Bacteria,Firmicutes,Bacilli,Lactobacillales,Leuconostocaceae,Fructobacillus,Fructobacillus Genus
TACGTAGGTCCCGAGCGTTGTCCGGATTTATTGGGCGTAAAGCGAGCGCAGGTGGTTTATTAAGTCTGGTGTAAAAGGCAGTGGCTCAACCATTGTATGCATTGGAAACTGGTAGACTTGAGTGCAGGAGAGGAGAGTGGAATTCCATGTGTAGCGGTGAAATGCGTAGATATATGGAGGAACACCGGTGGCGAAAGCGGCTCTCTGGCCTGTAACTGACACTGAGGCTCGAAAGCGTGGGGAGCAAACAGG,23.04673204,-7.021949766,0.9508284,-7.385086275,1.52E-13,1.39E-11,Bacteria,Firmicutes,Bacilli,Lactobacillales,Streptococcaceae,Lactococcus,Lactococcus Genus
TACGAAGGGGGCTAGCGTTGCTCGGAATGACTGGGCGTAAAGGGCGCGTAGGCGGTTTATGCAGTCAGATGTGAAATCCCCGGGCTTAACCTGGGAACTGCATTTGAGACGCATAGACTAGAGGTCGAGAGAGGGTTGTGGAATTCCCAGTGTAGAGGTGAAATTCGTAGATATTGGGAAGAACACCGGTGGCGAAGGCGGCAACCTGGCTCGATACTGACGCTGAGGCGCGAAAGCGTGGGGAGCAAACAGG,245.9872433,3.381763372,0.659131297,5.130636928,2.89E-07,1.98E-05,Bacteria,Proteobacteria,Alphaproteobacteria,Acetobacterales,Acetobacteraceae,Gluconobacter,Gluconobacter Genus
TACGTATGTCCCGAGCGTTATCCGGATTTATTGGGCGTAAAGCGAGCGCAGACGGTTGATTAAGTCTGATGTGAAAGCCCGGAGCTCAACTCCGGAATGGCATTGGAAACTGGTTAACTTGAGTGCAGTAGAGGTAAGTGGAACTCCATGTGTAGCGGTGGAATGCGTAGATATATGGAAGAACACCAGTGGCGAAGGCGGCTTACTGGACTGTAACTGACGTTGAGGCTCGAAAGTGTGGGTAGCAAACAGG,12.42319699,4.014559365,1.007131844,3.986130903,6.72E-05,0.003680339,Bacteria,Firmicutes,Bacilli,Lactobacillales,Leuconostocaceae,Leuconostoc,Leuconostoc Genus
